,exp_name,env_name,seed,metric,env_step,value
0,simba_plus_cwidth1024,dog-trot,4000,avg_return,0.0,9.441780343288425
1,simba_plus_cwidth1024,dog-trot,4000,avg_return,100000.0,163.3364614061404
2,simba_plus_cwidth1024,dog-trot,4000,avg_return,200000.0,299.38865075733383
3,simba_plus_cwidth1024,dog-trot,4000,avg_return,300000.0,379.7857603381648
4,simba_plus_cwidth1024,dog-trot,4000,avg_return,400000.0,499.6844377287733
5,simba_plus_cwidth1024,dog-trot,4000,avg_return,500000.0,731.8676790340261
6,simba_plus_cwidth1024,dog-trot,4000,avg_return,600000.0,788.4245165949244
7,simba_plus_cwidth1024,dog-trot,4000,avg_return,700000.0,793.649155066471
8,simba_plus_cwidth1024,dog-trot,4000,avg_return,800000.0,844.2094910871831
9,simba_plus_cwidth1024,dog-trot,4000,avg_return,900000.0,780.7971071851462
10,simba_plus_cwidth1024,dog-trot,4000,avg_return,1000000.0,774.6870083778474
11,simba_plus_cwidth1024,dog-trot,4000,avg_success,0.0,0.0
12,simba_plus_cwidth1024,dog-trot,4000,avg_success,100000.0,0.0
13,simba_plus_cwidth1024,dog-trot,4000,avg_success,200000.0,0.0
14,simba_plus_cwidth1024,dog-trot,4000,avg_success,300000.0,0.0
15,simba_plus_cwidth1024,dog-trot,4000,avg_success,400000.0,0.0
16,simba_plus_cwidth1024,dog-trot,4000,avg_success,500000.0,0.0
17,simba_plus_cwidth1024,dog-trot,4000,avg_success,600000.0,0.0
18,simba_plus_cwidth1024,dog-trot,4000,avg_success,700000.0,0.0
19,simba_plus_cwidth1024,dog-trot,4000,avg_success,800000.0,0.0
20,simba_plus_cwidth1024,dog-trot,4000,avg_success,900000.0,0.0
21,simba_plus_cwidth1024,dog-trot,4000,avg_success,1000000.0,0.0
22,simba_plus_cwidth1024,dog-run,4000,avg_return,0.0,7.734860850007054
23,simba_plus_cwidth1024,dog-run,4000,avg_return,100000.0,97.49472759585696
24,simba_plus_cwidth1024,dog-run,4000,avg_return,200000.0,167.2329296066352
25,simba_plus_cwidth1024,dog-run,4000,avg_return,300000.0,226.65154077386225
26,simba_plus_cwidth1024,dog-run,4000,avg_return,400000.0,324.2092600236309
27,simba_plus_cwidth1024,dog-run,4000,avg_return,500000.0,410.0947180099344
28,simba_plus_cwidth1024,dog-run,4000,avg_return,600000.0,501.0310908709119
29,simba_plus_cwidth1024,dog-run,4000,avg_return,700000.0,575.2406180303029
30,simba_plus_cwidth1024,dog-run,4000,avg_return,800000.0,632.3677282215715
31,simba_plus_cwidth1024,dog-run,4000,avg_return,900000.0,586.1650725607772
32,simba_plus_cwidth1024,dog-run,4000,avg_return,1000000.0,710.8486058399293
33,simba_plus_cwidth1024,dog-run,4000,avg_success,0.0,0.0
34,simba_plus_cwidth1024,dog-run,4000,avg_success,100000.0,0.0
35,simba_plus_cwidth1024,dog-run,4000,avg_success,200000.0,0.0
36,simba_plus_cwidth1024,dog-run,4000,avg_success,300000.0,0.0
37,simba_plus_cwidth1024,dog-run,4000,avg_success,400000.0,0.0
38,simba_plus_cwidth1024,dog-run,4000,avg_success,500000.0,0.0
39,simba_plus_cwidth1024,dog-run,4000,avg_success,600000.0,0.0
40,simba_plus_cwidth1024,dog-run,4000,avg_success,700000.0,0.0
41,simba_plus_cwidth1024,dog-run,4000,avg_success,800000.0,0.0
42,simba_plus_cwidth1024,dog-run,4000,avg_success,900000.0,0.0
43,simba_plus_cwidth1024,dog-run,4000,avg_success,1000000.0,0.0
44,simba_plus_cwidth1024,dog-walk,4000,avg_return,0.0,11.357838424681688
45,simba_plus_cwidth1024,dog-walk,4000,avg_return,100000.0,193.57916332256272
46,simba_plus_cwidth1024,dog-walk,4000,avg_return,200000.0,324.5568066228596
47,simba_plus_cwidth1024,dog-walk,4000,avg_return,300000.0,615.3361630886508
48,simba_plus_cwidth1024,dog-walk,4000,avg_return,400000.0,809.4010915726834
49,simba_plus_cwidth1024,dog-walk,4000,avg_return,500000.0,868.9341919348951
50,simba_plus_cwidth1024,dog-walk,4000,avg_return,600000.0,866.424395214327
51,simba_plus_cwidth1024,dog-walk,4000,avg_return,700000.0,880.8920688281638
52,simba_plus_cwidth1024,dog-walk,4000,avg_return,800000.0,929.0909979104996
53,simba_plus_cwidth1024,dog-walk,4000,avg_return,900000.0,898.7997686725887
54,simba_plus_cwidth1024,dog-walk,4000,avg_return,1000000.0,932.8819837587045
55,simba_plus_cwidth1024,dog-walk,4000,avg_success,0.0,0.0
56,simba_plus_cwidth1024,dog-walk,4000,avg_success,100000.0,0.0
57,simba_plus_cwidth1024,dog-walk,4000,avg_success,200000.0,0.0
58,simba_plus_cwidth1024,dog-walk,4000,avg_success,300000.0,0.0
59,simba_plus_cwidth1024,dog-walk,4000,avg_success,400000.0,0.0
60,simba_plus_cwidth1024,dog-walk,4000,avg_success,500000.0,0.0
61,simba_plus_cwidth1024,dog-walk,4000,avg_success,600000.0,0.0
62,simba_plus_cwidth1024,dog-walk,4000,avg_success,700000.0,0.0
63,simba_plus_cwidth1024,dog-walk,4000,avg_success,800000.0,0.0
64,simba_plus_cwidth1024,dog-walk,4000,avg_success,900000.0,0.0
65,simba_plus_cwidth1024,dog-walk,4000,avg_success,1000000.0,0.0
66,simba_plus_cwidth1024,dog-stand,4000,avg_return,0.0,34.40700551683186
67,simba_plus_cwidth1024,dog-stand,4000,avg_return,100000.0,543.705917295735
68,simba_plus_cwidth1024,dog-stand,4000,avg_return,200000.0,827.5692734289283
69,simba_plus_cwidth1024,dog-stand,4000,avg_return,300000.0,860.4504733892945
70,simba_plus_cwidth1024,dog-stand,4000,avg_return,400000.0,934.6571798170476
71,simba_plus_cwidth1024,dog-stand,4000,avg_return,500000.0,905.7597187284864
72,simba_plus_cwidth1024,dog-stand,4000,avg_return,600000.0,950.164929161842
73,simba_plus_cwidth1024,dog-stand,4000,avg_return,700000.0,963.0129305744024
74,simba_plus_cwidth1024,dog-stand,4000,avg_return,800000.0,932.235480422724
75,simba_plus_cwidth1024,dog-stand,4000,avg_return,900000.0,987.881516858369
76,simba_plus_cwidth1024,dog-stand,4000,avg_return,1000000.0,976.8750709500106
77,simba_plus_cwidth1024,dog-stand,4000,avg_success,0.0,0.0
78,simba_plus_cwidth1024,dog-stand,4000,avg_success,100000.0,0.0
79,simba_plus_cwidth1024,dog-stand,4000,avg_success,200000.0,0.0
80,simba_plus_cwidth1024,dog-stand,4000,avg_success,300000.0,0.0
81,simba_plus_cwidth1024,dog-stand,4000,avg_success,400000.0,0.0
82,simba_plus_cwidth1024,dog-stand,4000,avg_success,500000.0,0.0
83,simba_plus_cwidth1024,dog-stand,4000,avg_success,600000.0,0.0
84,simba_plus_cwidth1024,dog-stand,4000,avg_success,700000.0,0.0
85,simba_plus_cwidth1024,dog-stand,4000,avg_success,800000.0,0.0
86,simba_plus_cwidth1024,dog-stand,4000,avg_success,900000.0,0.0
87,simba_plus_cwidth1024,dog-stand,4000,avg_success,1000000.0,0.0
88,simba_plus_cwidth1024,humanoid-run,4000,avg_return,0.0,0.9404860030495208
89,simba_plus_cwidth1024,humanoid-run,4000,avg_return,100000.0,1.292924161408368
90,simba_plus_cwidth1024,humanoid-run,4000,avg_return,200000.0,1.2160324908568785
91,simba_plus_cwidth1024,humanoid-run,4000,avg_return,300000.0,77.03764437510037
92,simba_plus_cwidth1024,humanoid-run,4000,avg_return,400000.0,95.67582301077518
93,simba_plus_cwidth1024,humanoid-run,4000,avg_return,500000.0,119.51522685696996
94,simba_plus_cwidth1024,humanoid-run,4000,avg_return,600000.0,134.15267439108396
95,simba_plus_cwidth1024,humanoid-run,4000,avg_return,700000.0,163.71142974910802
96,simba_plus_cwidth1024,humanoid-run,4000,avg_return,800000.0,160.95997762820136
97,simba_plus_cwidth1024,humanoid-run,4000,avg_return,900000.0,182.04796576648897
98,simba_plus_cwidth1024,humanoid-run,4000,avg_return,1000000.0,194.4336551053508
99,simba_plus_cwidth1024,humanoid-run,4000,avg_success,0.0,0.0
100,simba_plus_cwidth1024,humanoid-run,4000,avg_success,100000.0,0.0
101,simba_plus_cwidth1024,humanoid-run,4000,avg_success,200000.0,0.0
102,simba_plus_cwidth1024,humanoid-run,4000,avg_success,300000.0,0.0
103,simba_plus_cwidth1024,humanoid-run,4000,avg_success,400000.0,0.0
104,simba_plus_cwidth1024,humanoid-run,4000,avg_success,500000.0,0.0
105,simba_plus_cwidth1024,humanoid-run,4000,avg_success,600000.0,0.0
106,simba_plus_cwidth1024,humanoid-run,4000,avg_success,700000.0,0.0
107,simba_plus_cwidth1024,humanoid-run,4000,avg_success,800000.0,0.0
108,simba_plus_cwidth1024,humanoid-run,4000,avg_success,900000.0,0.0
109,simba_plus_cwidth1024,humanoid-run,4000,avg_success,1000000.0,0.0
110,simba_plus_cwidth1024,humanoid-walk,4000,avg_return,0.0,1.351320097095959
111,simba_plus_cwidth1024,humanoid-walk,4000,avg_return,100000.0,1.7353330677963388
112,simba_plus_cwidth1024,humanoid-walk,4000,avg_return,200000.0,166.38858247327394
113,simba_plus_cwidth1024,humanoid-walk,4000,avg_return,300000.0,294.7220099970562
114,simba_plus_cwidth1024,humanoid-walk,4000,avg_return,400000.0,367.3794189869999
115,simba_plus_cwidth1024,humanoid-walk,4000,avg_return,500000.0,410.849112952944
116,simba_plus_cwidth1024,humanoid-walk,4000,avg_return,600000.0,493.1916321656776
117,simba_plus_cwidth1024,humanoid-walk,4000,avg_return,700000.0,514.3513822433672
118,simba_plus_cwidth1024,humanoid-walk,4000,avg_return,800000.0,535.6220510890722
119,simba_plus_cwidth1024,humanoid-walk,4000,avg_return,900000.0,568.0272624894211
120,simba_plus_cwidth1024,humanoid-walk,4000,avg_return,1000000.0,597.2946750902541
121,simba_plus_cwidth1024,humanoid-walk,4000,avg_success,0.0,0.0
122,simba_plus_cwidth1024,humanoid-walk,4000,avg_success,100000.0,0.0
123,simba_plus_cwidth1024,humanoid-walk,4000,avg_success,200000.0,0.0
124,simba_plus_cwidth1024,humanoid-walk,4000,avg_success,300000.0,0.0
125,simba_plus_cwidth1024,humanoid-walk,4000,avg_success,400000.0,0.0
126,simba_plus_cwidth1024,humanoid-walk,4000,avg_success,500000.0,0.0
127,simba_plus_cwidth1024,humanoid-walk,4000,avg_success,600000.0,0.0
128,simba_plus_cwidth1024,humanoid-walk,4000,avg_success,700000.0,0.0
129,simba_plus_cwidth1024,humanoid-walk,4000,avg_success,800000.0,0.0
130,simba_plus_cwidth1024,humanoid-walk,4000,avg_success,900000.0,0.0
131,simba_plus_cwidth1024,humanoid-walk,4000,avg_success,1000000.0,0.0
132,simba_plus_cwidth1024,humanoid-stand,4000,avg_return,0.0,5.344750604120362
133,simba_plus_cwidth1024,humanoid-stand,4000,avg_return,100000.0,6.933481731602447
134,simba_plus_cwidth1024,humanoid-stand,4000,avg_return,200000.0,6.632500061522551
135,simba_plus_cwidth1024,humanoid-stand,4000,avg_return,300000.0,7.940400841027919
136,simba_plus_cwidth1024,humanoid-stand,4000,avg_return,400000.0,330.087232963034
137,simba_plus_cwidth1024,humanoid-stand,4000,avg_return,500000.0,454.4972563479372
138,simba_plus_cwidth1024,humanoid-stand,4000,avg_return,600000.0,512.935902179731
139,simba_plus_cwidth1024,humanoid-stand,4000,avg_return,700000.0,602.0557033492923
140,simba_plus_cwidth1024,humanoid-stand,4000,avg_return,800000.0,653.6103890392103
141,simba_plus_cwidth1024,humanoid-stand,4000,avg_return,900000.0,702.0727078743948
142,simba_plus_cwidth1024,humanoid-stand,4000,avg_return,1000000.0,730.3327037270825
143,simba_plus_cwidth1024,humanoid-stand,4000,avg_success,0.0,0.0
144,simba_plus_cwidth1024,humanoid-stand,4000,avg_success,100000.0,0.0
145,simba_plus_cwidth1024,humanoid-stand,4000,avg_success,200000.0,0.0
146,simba_plus_cwidth1024,humanoid-stand,4000,avg_success,300000.0,0.0
147,simba_plus_cwidth1024,humanoid-stand,4000,avg_success,400000.0,0.0
148,simba_plus_cwidth1024,humanoid-stand,4000,avg_success,500000.0,0.0
149,simba_plus_cwidth1024,humanoid-stand,4000,avg_success,600000.0,0.0
150,simba_plus_cwidth1024,humanoid-stand,4000,avg_success,700000.0,0.0
151,simba_plus_cwidth1024,humanoid-stand,4000,avg_success,800000.0,0.0
152,simba_plus_cwidth1024,humanoid-stand,4000,avg_success,900000.0,0.0
153,simba_plus_cwidth1024,humanoid-stand,4000,avg_success,1000000.0,0.0
154,simba_plus_cwidth1024,dog-trot,3000,avg_return,0.0,8.586254211139664
155,simba_plus_cwidth1024,dog-trot,3000,avg_return,100000.0,135.0308751721751
156,simba_plus_cwidth1024,dog-trot,3000,avg_return,200000.0,219.3418335443836
157,simba_plus_cwidth1024,dog-trot,3000,avg_return,300000.0,322.2798946692
158,simba_plus_cwidth1024,dog-trot,3000,avg_return,400000.0,316.07382589095425
159,simba_plus_cwidth1024,dog-trot,3000,avg_return,500000.0,410.2287878176632
160,simba_plus_cwidth1024,dog-trot,3000,avg_return,600000.0,505.602123272808
161,simba_plus_cwidth1024,dog-trot,3000,avg_return,700000.0,653.8611452965534
162,simba_plus_cwidth1024,dog-trot,3000,avg_return,800000.0,692.6195109830411
163,simba_plus_cwidth1024,dog-trot,3000,avg_return,900000.0,778.3274878830853
164,simba_plus_cwidth1024,dog-trot,3000,avg_return,1000000.0,833.6836235344624
165,simba_plus_cwidth1024,dog-trot,3000,avg_success,0.0,0.0
166,simba_plus_cwidth1024,dog-trot,3000,avg_success,100000.0,0.0
167,simba_plus_cwidth1024,dog-trot,3000,avg_success,200000.0,0.0
168,simba_plus_cwidth1024,dog-trot,3000,avg_success,300000.0,0.0
169,simba_plus_cwidth1024,dog-trot,3000,avg_success,400000.0,0.0
170,simba_plus_cwidth1024,dog-trot,3000,avg_success,500000.0,0.0
171,simba_plus_cwidth1024,dog-trot,3000,avg_success,600000.0,0.0
172,simba_plus_cwidth1024,dog-trot,3000,avg_success,700000.0,0.0
173,simba_plus_cwidth1024,dog-trot,3000,avg_success,800000.0,0.0
174,simba_plus_cwidth1024,dog-trot,3000,avg_success,900000.0,0.0
175,simba_plus_cwidth1024,dog-trot,3000,avg_success,1000000.0,0.0
176,simba_plus_cwidth1024,dog-run,3000,avg_return,0.0,7.356194900980074
177,simba_plus_cwidth1024,dog-run,3000,avg_return,100000.0,106.12684520032153
178,simba_plus_cwidth1024,dog-run,3000,avg_return,200000.0,164.68898733202212
179,simba_plus_cwidth1024,dog-run,3000,avg_return,300000.0,208.83678247972816
180,simba_plus_cwidth1024,dog-run,3000,avg_return,400000.0,265.26650547969973
181,simba_plus_cwidth1024,dog-run,3000,avg_return,500000.0,344.10223551063734
182,simba_plus_cwidth1024,dog-run,3000,avg_return,600000.0,319.1234696493464
183,simba_plus_cwidth1024,dog-run,3000,avg_return,700000.0,386.0480321750419
184,simba_plus_cwidth1024,dog-run,3000,avg_return,800000.0,421.9193314670521
185,simba_plus_cwidth1024,dog-run,3000,avg_return,900000.0,507.7029037143842
186,simba_plus_cwidth1024,dog-run,3000,avg_return,1000000.0,510.4923910727572
187,simba_plus_cwidth1024,dog-run,3000,avg_success,0.0,0.0
188,simba_plus_cwidth1024,dog-run,3000,avg_success,100000.0,0.0
189,simba_plus_cwidth1024,dog-run,3000,avg_success,200000.0,0.0
190,simba_plus_cwidth1024,dog-run,3000,avg_success,300000.0,0.0
191,simba_plus_cwidth1024,dog-run,3000,avg_success,400000.0,0.0
192,simba_plus_cwidth1024,dog-run,3000,avg_success,500000.0,0.0
193,simba_plus_cwidth1024,dog-run,3000,avg_success,600000.0,0.0
194,simba_plus_cwidth1024,dog-run,3000,avg_success,700000.0,0.0
195,simba_plus_cwidth1024,dog-run,3000,avg_success,800000.0,0.0
196,simba_plus_cwidth1024,dog-run,3000,avg_success,900000.0,0.0
197,simba_plus_cwidth1024,dog-run,3000,avg_success,1000000.0,0.0
198,simba_plus_cwidth1024,dog-walk,3000,avg_return,0.0,9.776095265241771
199,simba_plus_cwidth1024,dog-walk,3000,avg_return,100000.0,233.34104277616143
200,simba_plus_cwidth1024,dog-walk,3000,avg_return,200000.0,517.0059409768024
201,simba_plus_cwidth1024,dog-walk,3000,avg_return,300000.0,844.1509564450602
202,simba_plus_cwidth1024,dog-walk,3000,avg_return,400000.0,888.2979879764071
203,simba_plus_cwidth1024,dog-walk,3000,avg_return,500000.0,918.8089971408168
204,simba_plus_cwidth1024,dog-walk,3000,avg_return,600000.0,944.038220384904
205,simba_plus_cwidth1024,dog-walk,3000,avg_return,700000.0,882.0521407876046
206,simba_plus_cwidth1024,dog-walk,3000,avg_return,800000.0,935.3533950128668
207,simba_plus_cwidth1024,dog-walk,3000,avg_return,900000.0,950.8745765395806
208,simba_plus_cwidth1024,dog-walk,3000,avg_return,1000000.0,899.1602853899569
209,simba_plus_cwidth1024,dog-walk,3000,avg_success,0.0,0.0
210,simba_plus_cwidth1024,dog-walk,3000,avg_success,100000.0,0.0
211,simba_plus_cwidth1024,dog-walk,3000,avg_success,200000.0,0.0
212,simba_plus_cwidth1024,dog-walk,3000,avg_success,300000.0,0.0
213,simba_plus_cwidth1024,dog-walk,3000,avg_success,400000.0,0.0
214,simba_plus_cwidth1024,dog-walk,3000,avg_success,500000.0,0.0
215,simba_plus_cwidth1024,dog-walk,3000,avg_success,600000.0,0.0
216,simba_plus_cwidth1024,dog-walk,3000,avg_success,700000.0,0.0
217,simba_plus_cwidth1024,dog-walk,3000,avg_success,800000.0,0.0
218,simba_plus_cwidth1024,dog-walk,3000,avg_success,900000.0,0.0
219,simba_plus_cwidth1024,dog-walk,3000,avg_success,1000000.0,0.0
220,simba_plus_cwidth1024,dog-stand,3000,avg_return,0.0,32.65902481946621
221,simba_plus_cwidth1024,dog-stand,3000,avg_return,100000.0,424.48669475435247
222,simba_plus_cwidth1024,dog-stand,3000,avg_return,200000.0,809.9636555492907
223,simba_plus_cwidth1024,dog-stand,3000,avg_return,300000.0,843.8301881875456
224,simba_plus_cwidth1024,dog-stand,3000,avg_return,400000.0,956.853103759008
225,simba_plus_cwidth1024,dog-stand,3000,avg_return,500000.0,963.1852912924144
226,simba_plus_cwidth1024,dog-stand,3000,avg_return,600000.0,973.3611593356894
227,simba_plus_cwidth1024,dog-stand,3000,avg_return,700000.0,954.530711276144
228,simba_plus_cwidth1024,dog-stand,3000,avg_return,800000.0,975.5302749470252
229,simba_plus_cwidth1024,dog-stand,3000,avg_return,900000.0,968.4515153593536
230,simba_plus_cwidth1024,dog-stand,3000,avg_return,1000000.0,959.168595044504
231,simba_plus_cwidth1024,dog-stand,3000,avg_success,0.0,0.0
232,simba_plus_cwidth1024,dog-stand,3000,avg_success,100000.0,0.0
233,simba_plus_cwidth1024,dog-stand,3000,avg_success,200000.0,0.0
234,simba_plus_cwidth1024,dog-stand,3000,avg_success,300000.0,0.0
235,simba_plus_cwidth1024,dog-stand,3000,avg_success,400000.0,0.0
236,simba_plus_cwidth1024,dog-stand,3000,avg_success,500000.0,0.0
237,simba_plus_cwidth1024,dog-stand,3000,avg_success,600000.0,0.0
238,simba_plus_cwidth1024,dog-stand,3000,avg_success,700000.0,0.0
239,simba_plus_cwidth1024,dog-stand,3000,avg_success,800000.0,0.0
240,simba_plus_cwidth1024,dog-stand,3000,avg_success,900000.0,0.0
241,simba_plus_cwidth1024,dog-stand,3000,avg_success,1000000.0,0.0
242,simba_plus_cwidth1024,humanoid-run,3000,avg_return,0.0,0.9745881056253406
243,simba_plus_cwidth1024,humanoid-run,3000,avg_return,100000.0,0.9213110616603248
244,simba_plus_cwidth1024,humanoid-run,3000,avg_return,200000.0,1.1521563040017644
245,simba_plus_cwidth1024,humanoid-run,3000,avg_return,300000.0,72.86200113494382
246,simba_plus_cwidth1024,humanoid-run,3000,avg_return,400000.0,130.50752494027813
247,simba_plus_cwidth1024,humanoid-run,3000,avg_return,500000.0,145.0226974493683
248,simba_plus_cwidth1024,humanoid-run,3000,avg_return,600000.0,158.6105794773846
249,simba_plus_cwidth1024,humanoid-run,3000,avg_return,700000.0,156.4378480271264
250,simba_plus_cwidth1024,humanoid-run,3000,avg_return,800000.0,175.91636789746968
251,simba_plus_cwidth1024,humanoid-run,3000,avg_return,900000.0,183.2692961626537
252,simba_plus_cwidth1024,humanoid-run,3000,avg_return,1000000.0,205.207856628258
253,simba_plus_cwidth1024,humanoid-run,3000,avg_success,0.0,0.0
254,simba_plus_cwidth1024,humanoid-run,3000,avg_success,100000.0,0.0
255,simba_plus_cwidth1024,humanoid-run,3000,avg_success,200000.0,0.0
256,simba_plus_cwidth1024,humanoid-run,3000,avg_success,300000.0,0.0
257,simba_plus_cwidth1024,humanoid-run,3000,avg_success,400000.0,0.0
258,simba_plus_cwidth1024,humanoid-run,3000,avg_success,500000.0,0.0
259,simba_plus_cwidth1024,humanoid-run,3000,avg_success,600000.0,0.0
260,simba_plus_cwidth1024,humanoid-run,3000,avg_success,700000.0,0.0
261,simba_plus_cwidth1024,humanoid-run,3000,avg_success,800000.0,0.0
262,simba_plus_cwidth1024,humanoid-run,3000,avg_success,900000.0,0.0
263,simba_plus_cwidth1024,humanoid-run,3000,avg_success,1000000.0,0.0
264,simba_plus_cwidth1024,humanoid-walk,3000,avg_return,0.0,1.4163829854854375
265,simba_plus_cwidth1024,humanoid-walk,3000,avg_return,100000.0,1.5751160796094297
266,simba_plus_cwidth1024,humanoid-walk,3000,avg_return,200000.0,1.9357550594707564
267,simba_plus_cwidth1024,humanoid-walk,3000,avg_return,300000.0,92.13520677237987
268,simba_plus_cwidth1024,humanoid-walk,3000,avg_return,400000.0,300.4238378594602
269,simba_plus_cwidth1024,humanoid-walk,3000,avg_return,500000.0,419.0414856458163
270,simba_plus_cwidth1024,humanoid-walk,3000,avg_return,600000.0,502.97882363614127
271,simba_plus_cwidth1024,humanoid-walk,3000,avg_return,700000.0,539.3651388304485
272,simba_plus_cwidth1024,humanoid-walk,3000,avg_return,800000.0,570.2800457018272
273,simba_plus_cwidth1024,humanoid-walk,3000,avg_return,900000.0,596.451505554033
274,simba_plus_cwidth1024,humanoid-walk,3000,avg_return,1000000.0,617.3581195046626
275,simba_plus_cwidth1024,humanoid-walk,3000,avg_success,0.0,0.0
276,simba_plus_cwidth1024,humanoid-walk,3000,avg_success,100000.0,0.0
277,simba_plus_cwidth1024,humanoid-walk,3000,avg_success,200000.0,0.0
278,simba_plus_cwidth1024,humanoid-walk,3000,avg_success,300000.0,0.0
279,simba_plus_cwidth1024,humanoid-walk,3000,avg_success,400000.0,0.0
280,simba_plus_cwidth1024,humanoid-walk,3000,avg_success,500000.0,0.0
281,simba_plus_cwidth1024,humanoid-walk,3000,avg_success,600000.0,0.0
282,simba_plus_cwidth1024,humanoid-walk,3000,avg_success,700000.0,0.0
283,simba_plus_cwidth1024,humanoid-walk,3000,avg_success,800000.0,0.0
284,simba_plus_cwidth1024,humanoid-walk,3000,avg_success,900000.0,0.0
285,simba_plus_cwidth1024,humanoid-walk,3000,avg_success,1000000.0,0.0
286,simba_plus_cwidth1024,humanoid-stand,3000,avg_return,0.0,5.530480252442766
287,simba_plus_cwidth1024,humanoid-stand,3000,avg_return,100000.0,5.914028881648342
288,simba_plus_cwidth1024,humanoid-stand,3000,avg_return,200000.0,6.825999701770338
289,simba_plus_cwidth1024,humanoid-stand,3000,avg_return,300000.0,277.14031973831186
290,simba_plus_cwidth1024,humanoid-stand,3000,avg_return,400000.0,387.7180708310248
291,simba_plus_cwidth1024,humanoid-stand,3000,avg_return,500000.0,474.5806773768492
292,simba_plus_cwidth1024,humanoid-stand,3000,avg_return,600000.0,560.6342121064797
293,simba_plus_cwidth1024,humanoid-stand,3000,avg_return,700000.0,606.105151035789
294,simba_plus_cwidth1024,humanoid-stand,3000,avg_return,800000.0,613.4539650716824
295,simba_plus_cwidth1024,humanoid-stand,3000,avg_return,900000.0,715.363897933261
296,simba_plus_cwidth1024,humanoid-stand,3000,avg_return,1000000.0,766.950010179659
297,simba_plus_cwidth1024,humanoid-stand,3000,avg_success,0.0,0.0
298,simba_plus_cwidth1024,humanoid-stand,3000,avg_success,100000.0,0.0
299,simba_plus_cwidth1024,humanoid-stand,3000,avg_success,200000.0,0.0
300,simba_plus_cwidth1024,humanoid-stand,3000,avg_success,300000.0,0.0
301,simba_plus_cwidth1024,humanoid-stand,3000,avg_success,400000.0,0.0
302,simba_plus_cwidth1024,humanoid-stand,3000,avg_success,500000.0,0.0
303,simba_plus_cwidth1024,humanoid-stand,3000,avg_success,600000.0,0.0
304,simba_plus_cwidth1024,humanoid-stand,3000,avg_success,700000.0,0.0
305,simba_plus_cwidth1024,humanoid-stand,3000,avg_success,800000.0,0.0
306,simba_plus_cwidth1024,humanoid-stand,3000,avg_success,900000.0,0.0
307,simba_plus_cwidth1024,humanoid-stand,3000,avg_success,1000000.0,0.0
308,simba_plus_cwidth1024,dog-trot,2000,avg_return,0.0,8.193526053324657
309,simba_plus_cwidth1024,dog-trot,2000,avg_return,100000.0,152.3129519554051
310,simba_plus_cwidth1024,dog-trot,2000,avg_return,200000.0,291.0156642885028
311,simba_plus_cwidth1024,dog-trot,2000,avg_return,300000.0,456.208058287502
312,simba_plus_cwidth1024,dog-trot,2000,avg_return,400000.0,515.873090539494
313,simba_plus_cwidth1024,dog-trot,2000,avg_return,500000.0,566.0599434837261
314,simba_plus_cwidth1024,dog-trot,2000,avg_return,600000.0,683.0427407078325
315,simba_plus_cwidth1024,dog-trot,2000,avg_return,700000.0,682.5072259460924
316,simba_plus_cwidth1024,dog-trot,2000,avg_return,800000.0,728.7824488966972
317,simba_plus_cwidth1024,dog-trot,2000,avg_return,900000.0,766.4104020749904
318,simba_plus_cwidth1024,dog-trot,2000,avg_return,1000000.0,784.8018927893221
319,simba_plus_cwidth1024,dog-trot,2000,avg_success,0.0,0.0
320,simba_plus_cwidth1024,dog-trot,2000,avg_success,100000.0,0.0
321,simba_plus_cwidth1024,dog-trot,2000,avg_success,200000.0,0.0
322,simba_plus_cwidth1024,dog-trot,2000,avg_success,300000.0,0.0
323,simba_plus_cwidth1024,dog-trot,2000,avg_success,400000.0,0.0
324,simba_plus_cwidth1024,dog-trot,2000,avg_success,500000.0,0.0
325,simba_plus_cwidth1024,dog-trot,2000,avg_success,600000.0,0.0
326,simba_plus_cwidth1024,dog-trot,2000,avg_success,700000.0,0.0
327,simba_plus_cwidth1024,dog-trot,2000,avg_success,800000.0,0.0
328,simba_plus_cwidth1024,dog-trot,2000,avg_success,900000.0,0.0
329,simba_plus_cwidth1024,dog-trot,2000,avg_success,1000000.0,0.0
330,simba_plus_cwidth1024,dog-run,2000,avg_return,0.0,6.817332104521571
331,simba_plus_cwidth1024,dog-run,2000,avg_return,100000.0,117.1147537499993
332,simba_plus_cwidth1024,dog-run,2000,avg_return,200000.0,200.08116830239612
333,simba_plus_cwidth1024,dog-run,2000,avg_return,300000.0,235.21231023984464
334,simba_plus_cwidth1024,dog-run,2000,avg_return,400000.0,291.77001177421795
335,simba_plus_cwidth1024,dog-run,2000,avg_return,500000.0,330.1100590018581
336,simba_plus_cwidth1024,dog-run,2000,avg_return,600000.0,432.8386748723706
337,simba_plus_cwidth1024,dog-run,2000,avg_return,700000.0,500.16841945777
338,simba_plus_cwidth1024,dog-run,2000,avg_return,800000.0,455.2541350630973
339,simba_plus_cwidth1024,dog-run,2000,avg_return,900000.0,550.8774941023377
340,simba_plus_cwidth1024,dog-run,2000,avg_return,1000000.0,556.2254327456924
341,simba_plus_cwidth1024,dog-run,2000,avg_success,0.0,0.0
342,simba_plus_cwidth1024,dog-run,2000,avg_success,100000.0,0.0
343,simba_plus_cwidth1024,dog-run,2000,avg_success,200000.0,0.0
344,simba_plus_cwidth1024,dog-run,2000,avg_success,300000.0,0.0
345,simba_plus_cwidth1024,dog-run,2000,avg_success,400000.0,0.0
346,simba_plus_cwidth1024,dog-run,2000,avg_success,500000.0,0.0
347,simba_plus_cwidth1024,dog-run,2000,avg_success,600000.0,0.0
348,simba_plus_cwidth1024,dog-run,2000,avg_success,700000.0,0.0
349,simba_plus_cwidth1024,dog-run,2000,avg_success,800000.0,0.0
350,simba_plus_cwidth1024,dog-run,2000,avg_success,900000.0,0.0
351,simba_plus_cwidth1024,dog-run,2000,avg_success,1000000.0,0.0
352,simba_plus_cwidth1024,dog-walk,2000,avg_return,0.0,9.965146705836537
353,simba_plus_cwidth1024,dog-walk,2000,avg_return,100000.0,320.91232203682887
354,simba_plus_cwidth1024,dog-walk,2000,avg_return,200000.0,644.3766676722317
355,simba_plus_cwidth1024,dog-walk,2000,avg_return,300000.0,873.5830217397091
356,simba_plus_cwidth1024,dog-walk,2000,avg_return,400000.0,869.5490087753393
357,simba_plus_cwidth1024,dog-walk,2000,avg_return,500000.0,894.7916380307563
358,simba_plus_cwidth1024,dog-walk,2000,avg_return,600000.0,872.7020306201472
359,simba_plus_cwidth1024,dog-walk,2000,avg_return,700000.0,903.641596829794
360,simba_plus_cwidth1024,dog-walk,2000,avg_return,800000.0,911.3587938945072
361,simba_plus_cwidth1024,dog-walk,2000,avg_return,900000.0,927.8772246031048
362,simba_plus_cwidth1024,dog-walk,2000,avg_return,1000000.0,873.9069822693178
363,simba_plus_cwidth1024,dog-walk,2000,avg_success,0.0,0.0
364,simba_plus_cwidth1024,dog-walk,2000,avg_success,100000.0,0.0
365,simba_plus_cwidth1024,dog-walk,2000,avg_success,200000.0,0.0
366,simba_plus_cwidth1024,dog-walk,2000,avg_success,300000.0,0.0
367,simba_plus_cwidth1024,dog-walk,2000,avg_success,400000.0,0.0
368,simba_plus_cwidth1024,dog-walk,2000,avg_success,500000.0,0.0
369,simba_plus_cwidth1024,dog-walk,2000,avg_success,600000.0,0.0
370,simba_plus_cwidth1024,dog-walk,2000,avg_success,700000.0,0.0
371,simba_plus_cwidth1024,dog-walk,2000,avg_success,800000.0,0.0
372,simba_plus_cwidth1024,dog-walk,2000,avg_success,900000.0,0.0
373,simba_plus_cwidth1024,dog-walk,2000,avg_success,1000000.0,0.0
374,simba_plus_cwidth1024,dog-stand,2000,avg_return,0.0,30.53903117521519
375,simba_plus_cwidth1024,dog-stand,2000,avg_return,100000.0,513.8433504985899
376,simba_plus_cwidth1024,dog-stand,2000,avg_return,200000.0,861.5833495057441
377,simba_plus_cwidth1024,dog-stand,2000,avg_return,300000.0,931.9610028280327
378,simba_plus_cwidth1024,dog-stand,2000,avg_return,400000.0,939.9637633278156
379,simba_plus_cwidth1024,dog-stand,2000,avg_return,500000.0,940.1645891677168
380,simba_plus_cwidth1024,dog-stand,2000,avg_return,600000.0,961.8753294458922
381,simba_plus_cwidth1024,dog-stand,2000,avg_return,700000.0,954.0744467231968
382,simba_plus_cwidth1024,dog-stand,2000,avg_return,800000.0,966.7702107043228
383,simba_plus_cwidth1024,dog-stand,2000,avg_return,900000.0,949.7776982465392
384,simba_plus_cwidth1024,dog-stand,2000,avg_return,1000000.0,983.1938158780322
385,simba_plus_cwidth1024,dog-stand,2000,avg_success,0.0,0.0
386,simba_plus_cwidth1024,dog-stand,2000,avg_success,100000.0,0.0
387,simba_plus_cwidth1024,dog-stand,2000,avg_success,200000.0,0.0
388,simba_plus_cwidth1024,dog-stand,2000,avg_success,300000.0,0.0
389,simba_plus_cwidth1024,dog-stand,2000,avg_success,400000.0,0.0
390,simba_plus_cwidth1024,dog-stand,2000,avg_success,500000.0,0.0
391,simba_plus_cwidth1024,dog-stand,2000,avg_success,600000.0,0.0
392,simba_plus_cwidth1024,dog-stand,2000,avg_success,700000.0,0.0
393,simba_plus_cwidth1024,dog-stand,2000,avg_success,800000.0,0.0
394,simba_plus_cwidth1024,dog-stand,2000,avg_success,900000.0,0.0
395,simba_plus_cwidth1024,dog-stand,2000,avg_success,1000000.0,0.0
396,simba_plus_cwidth1024,humanoid-run,2000,avg_return,0.0,0.5637262547253503
397,simba_plus_cwidth1024,humanoid-run,2000,avg_return,100000.0,0.9533249192357433
398,simba_plus_cwidth1024,humanoid-run,2000,avg_return,200000.0,1.3797323896193998
399,simba_plus_cwidth1024,humanoid-run,2000,avg_return,300000.0,82.37175763530976
400,simba_plus_cwidth1024,humanoid-run,2000,avg_return,400000.0,110.01057796854154
401,simba_plus_cwidth1024,humanoid-run,2000,avg_return,500000.0,124.69569294693284
402,simba_plus_cwidth1024,humanoid-run,2000,avg_return,600000.0,135.83469727179687
403,simba_plus_cwidth1024,humanoid-run,2000,avg_return,700000.0,149.4007892082828
404,simba_plus_cwidth1024,humanoid-run,2000,avg_return,800000.0,154.87356859513926
405,simba_plus_cwidth1024,humanoid-run,2000,avg_return,900000.0,165.661182097853
406,simba_plus_cwidth1024,humanoid-run,2000,avg_return,1000000.0,169.90210108287255
407,simba_plus_cwidth1024,humanoid-run,2000,avg_success,0.0,0.0
408,simba_plus_cwidth1024,humanoid-run,2000,avg_success,100000.0,0.0
409,simba_plus_cwidth1024,humanoid-run,2000,avg_success,200000.0,0.0
410,simba_plus_cwidth1024,humanoid-run,2000,avg_success,300000.0,0.0
411,simba_plus_cwidth1024,humanoid-run,2000,avg_success,400000.0,0.0
412,simba_plus_cwidth1024,humanoid-run,2000,avg_success,500000.0,0.0
413,simba_plus_cwidth1024,humanoid-run,2000,avg_success,600000.0,0.0
414,simba_plus_cwidth1024,humanoid-run,2000,avg_success,700000.0,0.0
415,simba_plus_cwidth1024,humanoid-run,2000,avg_success,800000.0,0.0
416,simba_plus_cwidth1024,humanoid-run,2000,avg_success,900000.0,0.0
417,simba_plus_cwidth1024,humanoid-run,2000,avg_success,1000000.0,0.0
418,simba_plus_cwidth1024,humanoid-walk,2000,avg_return,0.0,0.7554214197840657
419,simba_plus_cwidth1024,humanoid-walk,2000,avg_return,100000.0,1.5488208743690477
420,simba_plus_cwidth1024,humanoid-walk,2000,avg_return,200000.0,2.600164876894292
421,simba_plus_cwidth1024,humanoid-walk,2000,avg_return,300000.0,172.31161342508202
422,simba_plus_cwidth1024,humanoid-walk,2000,avg_return,400000.0,345.6709946299749
423,simba_plus_cwidth1024,humanoid-walk,2000,avg_return,500000.0,430.5434041377833
424,simba_plus_cwidth1024,humanoid-walk,2000,avg_return,600000.0,461.8382209503437
425,simba_plus_cwidth1024,humanoid-walk,2000,avg_return,700000.0,546.9048950667727
426,simba_plus_cwidth1024,humanoid-walk,2000,avg_return,800000.0,661.7932737773033
427,simba_plus_cwidth1024,humanoid-walk,2000,avg_return,900000.0,812.9626645561586
428,simba_plus_cwidth1024,humanoid-walk,2000,avg_return,1000000.0,892.9500933118534
429,simba_plus_cwidth1024,humanoid-walk,2000,avg_success,0.0,0.0
430,simba_plus_cwidth1024,humanoid-walk,2000,avg_success,100000.0,0.0
431,simba_plus_cwidth1024,humanoid-walk,2000,avg_success,200000.0,0.0
432,simba_plus_cwidth1024,humanoid-walk,2000,avg_success,300000.0,0.0
433,simba_plus_cwidth1024,humanoid-walk,2000,avg_success,400000.0,0.0
434,simba_plus_cwidth1024,humanoid-walk,2000,avg_success,500000.0,0.0
435,simba_plus_cwidth1024,humanoid-walk,2000,avg_success,600000.0,0.0
436,simba_plus_cwidth1024,humanoid-walk,2000,avg_success,700000.0,0.0
437,simba_plus_cwidth1024,humanoid-walk,2000,avg_success,800000.0,0.0
438,simba_plus_cwidth1024,humanoid-walk,2000,avg_success,900000.0,0.0
439,simba_plus_cwidth1024,humanoid-walk,2000,avg_success,1000000.0,0.0
440,simba_plus_cwidth1024,humanoid-stand,2000,avg_return,0.0,3.247051154679617
441,simba_plus_cwidth1024,humanoid-stand,2000,avg_return,100000.0,6.255768350242444
442,simba_plus_cwidth1024,humanoid-stand,2000,avg_return,200000.0,9.145377077406163
443,simba_plus_cwidth1024,humanoid-stand,2000,avg_return,300000.0,158.46320685337653
444,simba_plus_cwidth1024,humanoid-stand,2000,avg_return,400000.0,365.98663021852286
445,simba_plus_cwidth1024,humanoid-stand,2000,avg_return,500000.0,460.7793900456461
446,simba_plus_cwidth1024,humanoid-stand,2000,avg_return,600000.0,504.4449603623495
447,simba_plus_cwidth1024,humanoid-stand,2000,avg_return,700000.0,555.5294394225032
448,simba_plus_cwidth1024,humanoid-stand,2000,avg_return,800000.0,621.5859047401078
449,simba_plus_cwidth1024,humanoid-stand,2000,avg_return,900000.0,683.3113644031093
450,simba_plus_cwidth1024,humanoid-stand,2000,avg_return,1000000.0,806.1825072918837
451,simba_plus_cwidth1024,humanoid-stand,2000,avg_success,0.0,0.0
452,simba_plus_cwidth1024,humanoid-stand,2000,avg_success,100000.0,0.0
453,simba_plus_cwidth1024,humanoid-stand,2000,avg_success,200000.0,0.0
454,simba_plus_cwidth1024,humanoid-stand,2000,avg_success,300000.0,0.0
455,simba_plus_cwidth1024,humanoid-stand,2000,avg_success,400000.0,0.0
456,simba_plus_cwidth1024,humanoid-stand,2000,avg_success,500000.0,0.0
457,simba_plus_cwidth1024,humanoid-stand,2000,avg_success,600000.0,0.0
458,simba_plus_cwidth1024,humanoid-stand,2000,avg_success,700000.0,0.0
459,simba_plus_cwidth1024,humanoid-stand,2000,avg_success,800000.0,0.0
460,simba_plus_cwidth1024,humanoid-stand,2000,avg_success,900000.0,0.0
461,simba_plus_cwidth1024,humanoid-stand,2000,avg_success,1000000.0,0.0
462,simba_plus_cwidth1024,dog-trot,1000,avg_return,0.0,9.354658820156496
463,simba_plus_cwidth1024,dog-trot,1000,avg_return,100000.0,140.66116053342347
464,simba_plus_cwidth1024,dog-trot,1000,avg_return,200000.0,243.56558034304936
465,simba_plus_cwidth1024,dog-trot,1000,avg_return,300000.0,384.4929922467268
466,simba_plus_cwidth1024,dog-trot,1000,avg_return,400000.0,547.592776236142
467,simba_plus_cwidth1024,dog-trot,1000,avg_return,500000.0,573.7182839300928
468,simba_plus_cwidth1024,dog-trot,1000,avg_return,600000.0,631.2786839174039
469,simba_plus_cwidth1024,dog-trot,1000,avg_return,700000.0,717.4032567422475
470,simba_plus_cwidth1024,dog-trot,1000,avg_return,800000.0,733.3282710856879
471,simba_plus_cwidth1024,dog-trot,1000,avg_return,900000.0,659.6910429129368
472,simba_plus_cwidth1024,dog-trot,1000,avg_return,1000000.0,769.9404653387912
473,simba_plus_cwidth1024,dog-trot,1000,avg_success,0.0,0.0
474,simba_plus_cwidth1024,dog-trot,1000,avg_success,100000.0,0.0
475,simba_plus_cwidth1024,dog-trot,1000,avg_success,200000.0,0.0
476,simba_plus_cwidth1024,dog-trot,1000,avg_success,300000.0,0.0
477,simba_plus_cwidth1024,dog-trot,1000,avg_success,400000.0,0.0
478,simba_plus_cwidth1024,dog-trot,1000,avg_success,500000.0,0.0
479,simba_plus_cwidth1024,dog-trot,1000,avg_success,600000.0,0.0
480,simba_plus_cwidth1024,dog-trot,1000,avg_success,700000.0,0.0
481,simba_plus_cwidth1024,dog-trot,1000,avg_success,800000.0,0.0
482,simba_plus_cwidth1024,dog-trot,1000,avg_success,900000.0,0.0
483,simba_plus_cwidth1024,dog-trot,1000,avg_success,1000000.0,0.0
484,simba_plus_cwidth1024,dog-run,1000,avg_return,0.0,7.830179216645227
485,simba_plus_cwidth1024,dog-run,1000,avg_return,100000.0,90.21889484396796
486,simba_plus_cwidth1024,dog-run,1000,avg_return,200000.0,177.96088072713945
487,simba_plus_cwidth1024,dog-run,1000,avg_return,300000.0,231.14591379358356
488,simba_plus_cwidth1024,dog-run,1000,avg_return,400000.0,315.65511276483187
489,simba_plus_cwidth1024,dog-run,1000,avg_return,500000.0,430.5512070806361
490,simba_plus_cwidth1024,dog-run,1000,avg_return,600000.0,458.9481750929834
491,simba_plus_cwidth1024,dog-run,1000,avg_return,700000.0,505.8593034001248
492,simba_plus_cwidth1024,dog-run,1000,avg_return,800000.0,544.6530243311631
493,simba_plus_cwidth1024,dog-run,1000,avg_return,900000.0,512.5512214118218
494,simba_plus_cwidth1024,dog-run,1000,avg_return,1000000.0,615.8526678425803
495,simba_plus_cwidth1024,dog-run,1000,avg_success,0.0,0.0
496,simba_plus_cwidth1024,dog-run,1000,avg_success,100000.0,0.0
497,simba_plus_cwidth1024,dog-run,1000,avg_success,200000.0,0.0
498,simba_plus_cwidth1024,dog-run,1000,avg_success,300000.0,0.0
499,simba_plus_cwidth1024,dog-run,1000,avg_success,400000.0,0.0
500,simba_plus_cwidth1024,dog-run,1000,avg_success,500000.0,0.0
501,simba_plus_cwidth1024,dog-run,1000,avg_success,600000.0,0.0
502,simba_plus_cwidth1024,dog-run,1000,avg_success,700000.0,0.0
503,simba_plus_cwidth1024,dog-run,1000,avg_success,800000.0,0.0
504,simba_plus_cwidth1024,dog-run,1000,avg_success,900000.0,0.0
505,simba_plus_cwidth1024,dog-run,1000,avg_success,1000000.0,0.0
506,simba_plus_cwidth1024,dog-walk,1000,avg_return,0.0,12.360175267363578
507,simba_plus_cwidth1024,dog-walk,1000,avg_return,100000.0,188.35466118124003
508,simba_plus_cwidth1024,dog-walk,1000,avg_return,200000.0,410.80489026076367
509,simba_plus_cwidth1024,dog-walk,1000,avg_return,300000.0,591.7923833426125
510,simba_plus_cwidth1024,dog-walk,1000,avg_return,400000.0,670.3762752007838
511,simba_plus_cwidth1024,dog-walk,1000,avg_return,500000.0,724.365924089958
512,simba_plus_cwidth1024,dog-walk,1000,avg_return,600000.0,780.7708527004704
513,simba_plus_cwidth1024,dog-walk,1000,avg_return,700000.0,876.2316752080571
514,simba_plus_cwidth1024,dog-walk,1000,avg_return,800000.0,901.3470474523426
515,simba_plus_cwidth1024,dog-walk,1000,avg_return,900000.0,907.1116887426856
516,simba_plus_cwidth1024,dog-walk,1000,avg_return,1000000.0,883.0653537003466
517,simba_plus_cwidth1024,dog-walk,1000,avg_success,0.0,0.0
518,simba_plus_cwidth1024,dog-walk,1000,avg_success,100000.0,0.0
519,simba_plus_cwidth1024,dog-walk,1000,avg_success,200000.0,0.0
520,simba_plus_cwidth1024,dog-walk,1000,avg_success,300000.0,0.0
521,simba_plus_cwidth1024,dog-walk,1000,avg_success,400000.0,0.0
522,simba_plus_cwidth1024,dog-walk,1000,avg_success,500000.0,0.0
523,simba_plus_cwidth1024,dog-walk,1000,avg_success,600000.0,0.0
524,simba_plus_cwidth1024,dog-walk,1000,avg_success,700000.0,0.0
525,simba_plus_cwidth1024,dog-walk,1000,avg_success,800000.0,0.0
526,simba_plus_cwidth1024,dog-walk,1000,avg_success,900000.0,0.0
527,simba_plus_cwidth1024,dog-walk,1000,avg_success,1000000.0,0.0
528,simba_plus_cwidth1024,dog-stand,1000,avg_return,0.0,35.339697074447955
529,simba_plus_cwidth1024,dog-stand,1000,avg_return,100000.0,480.1095048672353
530,simba_plus_cwidth1024,dog-stand,1000,avg_return,200000.0,835.8362218661238
531,simba_plus_cwidth1024,dog-stand,1000,avg_return,300000.0,963.2408483617276
532,simba_plus_cwidth1024,dog-stand,1000,avg_return,400000.0,933.0275161684772
533,simba_plus_cwidth1024,dog-stand,1000,avg_return,500000.0,958.1050860499848
534,simba_plus_cwidth1024,dog-stand,1000,avg_return,600000.0,869.6033962418651
535,simba_plus_cwidth1024,dog-stand,1000,avg_return,700000.0,956.108537234196
536,simba_plus_cwidth1024,dog-stand,1000,avg_return,800000.0,932.757801825667
537,simba_plus_cwidth1024,dog-stand,1000,avg_return,900000.0,955.3690236936482
538,simba_plus_cwidth1024,dog-stand,1000,avg_return,1000000.0,946.9120930055846
539,simba_plus_cwidth1024,dog-stand,1000,avg_success,0.0,0.0
540,simba_plus_cwidth1024,dog-stand,1000,avg_success,100000.0,0.0
541,simba_plus_cwidth1024,dog-stand,1000,avg_success,200000.0,0.0
542,simba_plus_cwidth1024,dog-stand,1000,avg_success,300000.0,0.0
543,simba_plus_cwidth1024,dog-stand,1000,avg_success,400000.0,0.0
544,simba_plus_cwidth1024,dog-stand,1000,avg_success,500000.0,0.0
545,simba_plus_cwidth1024,dog-stand,1000,avg_success,600000.0,0.0
546,simba_plus_cwidth1024,dog-stand,1000,avg_success,700000.0,0.0
547,simba_plus_cwidth1024,dog-stand,1000,avg_success,800000.0,0.0
548,simba_plus_cwidth1024,dog-stand,1000,avg_success,900000.0,0.0
549,simba_plus_cwidth1024,dog-stand,1000,avg_success,1000000.0,0.0
550,simba_plus_cwidth1024,humanoid-run,1000,avg_return,0.0,0.77414574692024
551,simba_plus_cwidth1024,humanoid-run,1000,avg_return,100000.0,1.1406508283596033
552,simba_plus_cwidth1024,humanoid-run,1000,avg_return,200000.0,1.324073160919427
553,simba_plus_cwidth1024,humanoid-run,1000,avg_return,300000.0,1.2644139018864289
554,simba_plus_cwidth1024,humanoid-run,1000,avg_return,400000.0,3.924359487789536
555,simba_plus_cwidth1024,humanoid-run,1000,avg_return,500000.0,73.59435039539815
556,simba_plus_cwidth1024,humanoid-run,1000,avg_return,600000.0,101.5104999296284
557,simba_plus_cwidth1024,humanoid-run,1000,avg_return,700000.0,122.3340372043817
558,simba_plus_cwidth1024,humanoid-run,1000,avg_return,800000.0,142.1891275418365
559,simba_plus_cwidth1024,humanoid-run,1000,avg_return,900000.0,152.74486693078202
560,simba_plus_cwidth1024,humanoid-run,1000,avg_return,1000000.0,161.64056054541783
561,simba_plus_cwidth1024,humanoid-run,1000,avg_success,0.0,0.0
562,simba_plus_cwidth1024,humanoid-run,1000,avg_success,100000.0,0.0
563,simba_plus_cwidth1024,humanoid-run,1000,avg_success,200000.0,0.0
564,simba_plus_cwidth1024,humanoid-run,1000,avg_success,300000.0,0.0
565,simba_plus_cwidth1024,humanoid-run,1000,avg_success,400000.0,0.0
566,simba_plus_cwidth1024,humanoid-run,1000,avg_success,500000.0,0.0
567,simba_plus_cwidth1024,humanoid-run,1000,avg_success,600000.0,0.0
568,simba_plus_cwidth1024,humanoid-run,1000,avg_success,700000.0,0.0
569,simba_plus_cwidth1024,humanoid-run,1000,avg_success,800000.0,0.0
570,simba_plus_cwidth1024,humanoid-run,1000,avg_success,900000.0,0.0
571,simba_plus_cwidth1024,humanoid-run,1000,avg_success,1000000.0,0.0
572,simba_plus_cwidth1024,humanoid-walk,1000,avg_return,0.0,1.0550764457448216
573,simba_plus_cwidth1024,humanoid-walk,1000,avg_return,100000.0,1.4892984189928606
574,simba_plus_cwidth1024,humanoid-walk,1000,avg_return,200000.0,2.253255884096319
575,simba_plus_cwidth1024,humanoid-walk,1000,avg_return,300000.0,244.82301272364128
576,simba_plus_cwidth1024,humanoid-walk,1000,avg_return,400000.0,375.06851554985184
577,simba_plus_cwidth1024,humanoid-walk,1000,avg_return,500000.0,429.0242504943045
578,simba_plus_cwidth1024,humanoid-walk,1000,avg_return,600000.0,488.0719432971072
579,simba_plus_cwidth1024,humanoid-walk,1000,avg_return,700000.0,521.422245115282
580,simba_plus_cwidth1024,humanoid-walk,1000,avg_return,800000.0,554.3142731752473
581,simba_plus_cwidth1024,humanoid-walk,1000,avg_return,900000.0,577.0940463803228
582,simba_plus_cwidth1024,humanoid-walk,1000,avg_return,1000000.0,601.2163939999098
583,simba_plus_cwidth1024,humanoid-walk,1000,avg_success,0.0,0.0
584,simba_plus_cwidth1024,humanoid-walk,1000,avg_success,100000.0,0.0
585,simba_plus_cwidth1024,humanoid-walk,1000,avg_success,200000.0,0.0
586,simba_plus_cwidth1024,humanoid-walk,1000,avg_success,300000.0,0.0
587,simba_plus_cwidth1024,humanoid-walk,1000,avg_success,400000.0,0.0
588,simba_plus_cwidth1024,humanoid-walk,1000,avg_success,500000.0,0.0
589,simba_plus_cwidth1024,humanoid-walk,1000,avg_success,600000.0,0.0
590,simba_plus_cwidth1024,humanoid-walk,1000,avg_success,700000.0,0.0
591,simba_plus_cwidth1024,humanoid-walk,1000,avg_success,800000.0,0.0
592,simba_plus_cwidth1024,humanoid-walk,1000,avg_success,900000.0,0.0
593,simba_plus_cwidth1024,humanoid-walk,1000,avg_success,1000000.0,0.0
594,simba_plus_cwidth1024,humanoid-stand,1000,avg_return,0.0,4.4380276566936665
595,simba_plus_cwidth1024,humanoid-stand,1000,avg_return,100000.0,5.720504524556554
596,simba_plus_cwidth1024,humanoid-stand,1000,avg_return,200000.0,7.860388844041341
597,simba_plus_cwidth1024,humanoid-stand,1000,avg_return,300000.0,7.505074738601158
598,simba_plus_cwidth1024,humanoid-stand,1000,avg_return,400000.0,202.91653220122868
599,simba_plus_cwidth1024,humanoid-stand,1000,avg_return,500000.0,277.7227398784472
600,simba_plus_cwidth1024,humanoid-stand,1000,avg_return,600000.0,406.8973232795817
601,simba_plus_cwidth1024,humanoid-stand,1000,avg_return,700000.0,487.4578588369257
602,simba_plus_cwidth1024,humanoid-stand,1000,avg_return,800000.0,509.66002431483867
603,simba_plus_cwidth1024,humanoid-stand,1000,avg_return,900000.0,586.083798470577
604,simba_plus_cwidth1024,humanoid-stand,1000,avg_return,1000000.0,680.0477935155261
605,simba_plus_cwidth1024,humanoid-stand,1000,avg_success,0.0,0.0
606,simba_plus_cwidth1024,humanoid-stand,1000,avg_success,100000.0,0.0
607,simba_plus_cwidth1024,humanoid-stand,1000,avg_success,200000.0,0.0
608,simba_plus_cwidth1024,humanoid-stand,1000,avg_success,300000.0,0.0
609,simba_plus_cwidth1024,humanoid-stand,1000,avg_success,400000.0,0.0
610,simba_plus_cwidth1024,humanoid-stand,1000,avg_success,500000.0,0.0
611,simba_plus_cwidth1024,humanoid-stand,1000,avg_success,600000.0,0.0
612,simba_plus_cwidth1024,humanoid-stand,1000,avg_success,700000.0,0.0
613,simba_plus_cwidth1024,humanoid-stand,1000,avg_success,800000.0,0.0
614,simba_plus_cwidth1024,humanoid-stand,1000,avg_success,900000.0,0.0
615,simba_plus_cwidth1024,humanoid-stand,1000,avg_success,1000000.0,0.0
616,simba_plus_cwidth1024,dog-trot,0,avg_return,0.0,6.778567177992096
617,simba_plus_cwidth1024,dog-trot,0,avg_return,100000.0,99.20998563596932
618,simba_plus_cwidth1024,dog-trot,0,avg_return,200000.0,252.47440353516708
619,simba_plus_cwidth1024,dog-trot,0,avg_return,300000.0,335.7980276827265
620,simba_plus_cwidth1024,dog-trot,0,avg_return,400000.0,360.9252955931423
621,simba_plus_cwidth1024,dog-trot,0,avg_return,500000.0,468.3732903161366
622,simba_plus_cwidth1024,dog-trot,0,avg_return,600000.0,536.2599918869656
623,simba_plus_cwidth1024,dog-trot,0,avg_return,700000.0,566.5944028469901
624,simba_plus_cwidth1024,dog-trot,0,avg_return,800000.0,665.9936223029182
625,simba_plus_cwidth1024,dog-trot,0,avg_return,900000.0,755.2754644695007
626,simba_plus_cwidth1024,dog-trot,0,avg_return,1000000.0,722.6943519002195
627,simba_plus_cwidth1024,dog-trot,0,avg_success,0.0,0.0
628,simba_plus_cwidth1024,dog-trot,0,avg_success,100000.0,0.0
629,simba_plus_cwidth1024,dog-trot,0,avg_success,200000.0,0.0
630,simba_plus_cwidth1024,dog-trot,0,avg_success,300000.0,0.0
631,simba_plus_cwidth1024,dog-trot,0,avg_success,400000.0,0.0
632,simba_plus_cwidth1024,dog-trot,0,avg_success,500000.0,0.0
633,simba_plus_cwidth1024,dog-trot,0,avg_success,600000.0,0.0
634,simba_plus_cwidth1024,dog-trot,0,avg_success,700000.0,0.0
635,simba_plus_cwidth1024,dog-trot,0,avg_success,800000.0,0.0
636,simba_plus_cwidth1024,dog-trot,0,avg_success,900000.0,0.0
637,simba_plus_cwidth1024,dog-trot,0,avg_success,1000000.0,0.0
638,simba_plus_cwidth1024,dog-run,0,avg_return,0.0,5.530845804822676
639,simba_plus_cwidth1024,dog-run,0,avg_return,100000.0,109.56818843448218
640,simba_plus_cwidth1024,dog-run,0,avg_return,200000.0,177.0940470160079
641,simba_plus_cwidth1024,dog-run,0,avg_return,300000.0,283.1103719603839
642,simba_plus_cwidth1024,dog-run,0,avg_return,400000.0,329.4459191284209
643,simba_plus_cwidth1024,dog-run,0,avg_return,500000.0,461.70446727072704
644,simba_plus_cwidth1024,dog-run,0,avg_return,600000.0,524.780027035386
645,simba_plus_cwidth1024,dog-run,0,avg_return,700000.0,528.387648980269
646,simba_plus_cwidth1024,dog-run,0,avg_return,800000.0,578.5821260680519
647,simba_plus_cwidth1024,dog-run,0,avg_return,900000.0,600.3618617638756
648,simba_plus_cwidth1024,dog-run,0,avg_return,1000000.0,570.3710802183396
649,simba_plus_cwidth1024,dog-run,0,avg_success,0.0,0.0
650,simba_plus_cwidth1024,dog-run,0,avg_success,100000.0,0.0
651,simba_plus_cwidth1024,dog-run,0,avg_success,200000.0,0.0
652,simba_plus_cwidth1024,dog-run,0,avg_success,300000.0,0.0
653,simba_plus_cwidth1024,dog-run,0,avg_success,400000.0,0.0
654,simba_plus_cwidth1024,dog-run,0,avg_success,500000.0,0.0
655,simba_plus_cwidth1024,dog-run,0,avg_success,600000.0,0.0
656,simba_plus_cwidth1024,dog-run,0,avg_success,700000.0,0.0
657,simba_plus_cwidth1024,dog-run,0,avg_success,800000.0,0.0
658,simba_plus_cwidth1024,dog-run,0,avg_success,900000.0,0.0
659,simba_plus_cwidth1024,dog-run,0,avg_success,1000000.0,0.0
660,simba_plus_cwidth1024,dog-walk,0,avg_return,0.0,8.310526847932248
661,simba_plus_cwidth1024,dog-walk,0,avg_return,100000.0,232.78784125859133
662,simba_plus_cwidth1024,dog-walk,0,avg_return,200000.0,429.4744230422856
663,simba_plus_cwidth1024,dog-walk,0,avg_return,300000.0,539.7672150357664
664,simba_plus_cwidth1024,dog-walk,0,avg_return,400000.0,752.7765255358922
665,simba_plus_cwidth1024,dog-walk,0,avg_return,500000.0,838.2599175564394
666,simba_plus_cwidth1024,dog-walk,0,avg_return,600000.0,861.3752306982913
667,simba_plus_cwidth1024,dog-walk,0,avg_return,700000.0,847.0110202217973
668,simba_plus_cwidth1024,dog-walk,0,avg_return,800000.0,871.1898982598334
669,simba_plus_cwidth1024,dog-walk,0,avg_return,900000.0,890.039073300392
670,simba_plus_cwidth1024,dog-walk,0,avg_return,1000000.0,928.1883034809388
671,simba_plus_cwidth1024,dog-walk,0,avg_success,0.0,0.0
672,simba_plus_cwidth1024,dog-walk,0,avg_success,100000.0,0.0
673,simba_plus_cwidth1024,dog-walk,0,avg_success,200000.0,0.0
674,simba_plus_cwidth1024,dog-walk,0,avg_success,300000.0,0.0
675,simba_plus_cwidth1024,dog-walk,0,avg_success,400000.0,0.0
676,simba_plus_cwidth1024,dog-walk,0,avg_success,500000.0,0.0
677,simba_plus_cwidth1024,dog-walk,0,avg_success,600000.0,0.0
678,simba_plus_cwidth1024,dog-walk,0,avg_success,700000.0,0.0
679,simba_plus_cwidth1024,dog-walk,0,avg_success,800000.0,0.0
680,simba_plus_cwidth1024,dog-walk,0,avg_success,900000.0,0.0
681,simba_plus_cwidth1024,dog-walk,0,avg_success,1000000.0,0.0
682,simba_plus_cwidth1024,dog-stand,0,avg_return,0.0,24.53047800997006
683,simba_plus_cwidth1024,dog-stand,0,avg_return,100000.0,465.53066913652447
684,simba_plus_cwidth1024,dog-stand,0,avg_return,200000.0,868.0713006506545
685,simba_plus_cwidth1024,dog-stand,0,avg_return,300000.0,944.0708281137051
686,simba_plus_cwidth1024,dog-stand,0,avg_return,400000.0,951.1155043806966
687,simba_plus_cwidth1024,dog-stand,0,avg_return,500000.0,956.12801043801
688,simba_plus_cwidth1024,dog-stand,0,avg_return,600000.0,967.911837127136
689,simba_plus_cwidth1024,dog-stand,0,avg_return,700000.0,955.4101149833526
690,simba_plus_cwidth1024,dog-stand,0,avg_return,800000.0,961.7980011232256
691,simba_plus_cwidth1024,dog-stand,0,avg_return,900000.0,972.2993982586286
692,simba_plus_cwidth1024,dog-stand,0,avg_return,1000000.0,983.4593349003056
693,simba_plus_cwidth1024,dog-stand,0,avg_success,0.0,0.0
694,simba_plus_cwidth1024,dog-stand,0,avg_success,100000.0,0.0
695,simba_plus_cwidth1024,dog-stand,0,avg_success,200000.0,0.0
696,simba_plus_cwidth1024,dog-stand,0,avg_success,300000.0,0.0
697,simba_plus_cwidth1024,dog-stand,0,avg_success,400000.0,0.0
698,simba_plus_cwidth1024,dog-stand,0,avg_success,500000.0,0.0
699,simba_plus_cwidth1024,dog-stand,0,avg_success,600000.0,0.0
700,simba_plus_cwidth1024,dog-stand,0,avg_success,700000.0,0.0
701,simba_plus_cwidth1024,dog-stand,0,avg_success,800000.0,0.0
702,simba_plus_cwidth1024,dog-stand,0,avg_success,900000.0,0.0
703,simba_plus_cwidth1024,dog-stand,0,avg_success,1000000.0,0.0
704,simba_plus_cwidth1024,humanoid-run,0,avg_return,0.0,0.6073911744280643
705,simba_plus_cwidth1024,humanoid-run,0,avg_return,100000.0,1.0816995637656432
706,simba_plus_cwidth1024,humanoid-run,0,avg_return,200000.0,1.3928432668946935
707,simba_plus_cwidth1024,humanoid-run,0,avg_return,300000.0,86.91709480758092
708,simba_plus_cwidth1024,humanoid-run,0,avg_return,400000.0,105.15816012171352
709,simba_plus_cwidth1024,humanoid-run,0,avg_return,500000.0,131.5567671096725
710,simba_plus_cwidth1024,humanoid-run,0,avg_return,600000.0,154.11290919153808
711,simba_plus_cwidth1024,humanoid-run,0,avg_return,700000.0,202.9380149479952
712,simba_plus_cwidth1024,humanoid-run,0,avg_return,800000.0,243.92231956318955
713,simba_plus_cwidth1024,humanoid-run,0,avg_return,900000.0,265.6580171310979
714,simba_plus_cwidth1024,humanoid-run,0,avg_return,1000000.0,313.0730957409263
715,simba_plus_cwidth1024,humanoid-run,0,avg_success,0.0,0.0
716,simba_plus_cwidth1024,humanoid-run,0,avg_success,100000.0,0.0
717,simba_plus_cwidth1024,humanoid-run,0,avg_success,200000.0,0.0
718,simba_plus_cwidth1024,humanoid-run,0,avg_success,300000.0,0.0
719,simba_plus_cwidth1024,humanoid-run,0,avg_success,400000.0,0.0
720,simba_plus_cwidth1024,humanoid-run,0,avg_success,500000.0,0.0
721,simba_plus_cwidth1024,humanoid-run,0,avg_success,600000.0,0.0
722,simba_plus_cwidth1024,humanoid-run,0,avg_success,700000.0,0.0
723,simba_plus_cwidth1024,humanoid-run,0,avg_success,800000.0,0.0
724,simba_plus_cwidth1024,humanoid-run,0,avg_success,900000.0,0.0
725,simba_plus_cwidth1024,humanoid-run,0,avg_success,1000000.0,0.0
726,simba_plus_cwidth1024,humanoid-walk,0,avg_return,0.0,0.7809900196154695
727,simba_plus_cwidth1024,humanoid-walk,0,avg_return,100000.0,1.743697442094324
728,simba_plus_cwidth1024,humanoid-walk,0,avg_return,200000.0,143.4726315799999
729,simba_plus_cwidth1024,humanoid-walk,0,avg_return,300000.0,312.1114996633645
730,simba_plus_cwidth1024,humanoid-walk,0,avg_return,400000.0,376.6778304030995
731,simba_plus_cwidth1024,humanoid-walk,0,avg_return,500000.0,431.23166015980905
732,simba_plus_cwidth1024,humanoid-walk,0,avg_return,600000.0,478.5078584296931
733,simba_plus_cwidth1024,humanoid-walk,0,avg_return,700000.0,529.1970896056318
734,simba_plus_cwidth1024,humanoid-walk,0,avg_return,800000.0,582.1649580332762
735,simba_plus_cwidth1024,humanoid-walk,0,avg_return,900000.0,636.4130824000499
736,simba_plus_cwidth1024,humanoid-walk,0,avg_return,1000000.0,778.9028736841807
737,simba_plus_cwidth1024,humanoid-walk,0,avg_success,0.0,0.0
738,simba_plus_cwidth1024,humanoid-walk,0,avg_success,100000.0,0.0
739,simba_plus_cwidth1024,humanoid-walk,0,avg_success,200000.0,0.0
740,simba_plus_cwidth1024,humanoid-walk,0,avg_success,300000.0,0.0
741,simba_plus_cwidth1024,humanoid-walk,0,avg_success,400000.0,0.0
742,simba_plus_cwidth1024,humanoid-walk,0,avg_success,500000.0,0.0
743,simba_plus_cwidth1024,humanoid-walk,0,avg_success,600000.0,0.0
744,simba_plus_cwidth1024,humanoid-walk,0,avg_success,700000.0,0.0
745,simba_plus_cwidth1024,humanoid-walk,0,avg_success,800000.0,0.0
746,simba_plus_cwidth1024,humanoid-walk,0,avg_success,900000.0,0.0
747,simba_plus_cwidth1024,humanoid-walk,0,avg_success,1000000.0,0.0
748,simba_plus_cwidth1024,humanoid-stand,0,avg_return,0.0,3.521453573347562
749,simba_plus_cwidth1024,humanoid-stand,0,avg_return,100000.0,6.670290864426138
750,simba_plus_cwidth1024,humanoid-stand,0,avg_return,200000.0,16.925323919251902
751,simba_plus_cwidth1024,humanoid-stand,0,avg_return,300000.0,335.6705569265381
752,simba_plus_cwidth1024,humanoid-stand,0,avg_return,400000.0,426.27232671338805
753,simba_plus_cwidth1024,humanoid-stand,0,avg_return,500000.0,500.17496276150894
754,simba_plus_cwidth1024,humanoid-stand,0,avg_return,600000.0,601.2888992629361
755,simba_plus_cwidth1024,humanoid-stand,0,avg_return,700000.0,828.8166529309501
756,simba_plus_cwidth1024,humanoid-stand,0,avg_return,800000.0,865.5537905754048
757,simba_plus_cwidth1024,humanoid-stand,0,avg_return,900000.0,850.050887184086
758,simba_plus_cwidth1024,humanoid-stand,0,avg_return,1000000.0,881.8767767156766
759,simba_plus_cwidth1024,humanoid-stand,0,avg_success,0.0,0.0
760,simba_plus_cwidth1024,humanoid-stand,0,avg_success,100000.0,0.0
761,simba_plus_cwidth1024,humanoid-stand,0,avg_success,200000.0,0.0
762,simba_plus_cwidth1024,humanoid-stand,0,avg_success,300000.0,0.0
763,simba_plus_cwidth1024,humanoid-stand,0,avg_success,400000.0,0.0
764,simba_plus_cwidth1024,humanoid-stand,0,avg_success,500000.0,0.0
765,simba_plus_cwidth1024,humanoid-stand,0,avg_success,600000.0,0.0
766,simba_plus_cwidth1024,humanoid-stand,0,avg_success,700000.0,0.0
767,simba_plus_cwidth1024,humanoid-stand,0,avg_success,800000.0,0.0
768,simba_plus_cwidth1024,humanoid-stand,0,avg_success,900000.0,0.0
769,simba_plus_cwidth1024,humanoid-stand,0,avg_success,1000000.0,0.0
